NonceMin,NonceMax,SampleSize,AvgHitRate,StdDev,MinHitRate,MaxHitRate
0.0,20.0,5,0.01605083456642248,0.016966939923993278,0.0007161491636400839,0.12078184949095193
0.0,20.0,10,0.014103366274707865,0.012271184132130164,0.003985197836606889,0.07896503325807042
0.0,20.0,20,0.01892222162176964,0.018707095770464175,0.0028699551569506725,0.16030672989607506
