NonceMin,NonceMax,SampleSize,AvgHitRate,StdDev,MinHitRate,MaxHitRate
0.0,500.0,5,0.011888053104142116,0.010151727797372664,0.0,0.08743277357040939
0.0,500.0,10,0.013408823379491664,0.009334993575832645,0.0003923526893993437,0.06244995996797438
0.0,500.0,20,0.018154512313685808,0.011652347627631246,0.00430368110976476,0.06211104331909701
