NonceMin,NonceMax,SampleSize,AvgHitRate,StdDev,MinHitRate,MaxHitRate
0.0,1.0,5,0.014075242031971191,0.01070946457429772,0.0,0.06522233670997872
0.0,1.0,10,0.01508025877431335,0.009704313331068982,0.004629342911996037,0.06677636089400796
0.0,1.0,20,0.026545641059603754,0.01709943877898474,0.005454657390876069,0.10266837197608195
