NonceMin,NonceMax,SampleSize,AvgHitRate,StdDev,MinHitRate,MaxHitRate
0.0,5.0,5,0.01375670946419498,0.012983033495421637,0.00016924928539190613,0.1084277630147737
0.0,5.0,10,0.014033695152178137,0.009077756194658544,0.0033571870306564186,0.06334189587118602
0.0,5.0,20,0.018452560517672023,0.01560334933960592,0.0027216458641225617,0.13260498110081292
