NonceMin,NonceMax,SampleSize,AvgHitRate,StdDev,MinHitRate,MaxHitRate
0.0,3.0,5,0.01510102531180097,0.014761925629779592,0.0028038273604551454,0.10801236635321397
0.0,3.0,10,0.015237232618182803,0.009066059441497416,0.004608010532595503,0.06165961483444506
0.0,3.0,20,0.01999790772674981,0.014131128913990876,0.002807825681900523,0.08134849570200572
