NonceMin,NonceMax,SampleSize,AvgHitRate,StdDev,MinHitRate,MaxHitRate
0.0,1000.0,5,0.011640371117184719,0.009131636011107223,0.0,0.05927007299270073
0.0,1000.0,10,0.013772689512202518,0.008041229889193193,0.00020130445285449714,0.05250596658711217
0.0,1000.0,20,0.018150441398667547,0.016437059966318328,0.003693518818073978,0.1215077933947583
