NonceMin,NonceMax,SampleSize,AvgHitRate,StdDev,MinHitRate,MaxHitRate
0.0,50.0,5,0.011118619268402442,0.01120182132079591,0.0010420284821118443,0.11256625593722035
0.0,50.0,10,0.013230388549767665,0.009535592769338507,0.0018314255983350677,0.08173587577765414
0.0,50.0,20,0.01582692456142749,0.009949742475825916,0.00032064770837090926,0.05807291666666667
