NonceMin,NonceMax,SampleSize,AvgHitRate,StdDev,MinHitRate,MaxHitRate
0.0,10.0,5,0.014527787427077379,0.011461823643521172,0.0007865757734661773,0.06941959848936594
0.0,10.0,10,0.014533574106988498,0.014869335757270981,0.0004261993249002694,0.12003177472813432
0.0,10.0,20,0.016930734524989933,0.008106434417947768,0.0013269881943808915,0.05476261274655565
