NonceMin,NonceMax,SampleSize,AvgHitRate,StdDev,MinHitRate,MaxHitRate
0.0,100.0,5,0.013378368632104051,0.011678407511956725,0.0002945291215668949,0.07595482989282888
0.0,100.0,10,0.012784688031809219,0.009028327388628988,5.317074899861756e-05,0.05873340143003064
0.0,100.0,20,0.02170674728394906,0.02517692257298644,0.004003464987240419,0.21659740586827855
