NonceMin,NonceMax,SampleSize,AvgHitRate,StdDev,MinHitRate,MaxHitRate
0.0,2.0,5,0.012814385277111732,0.008607647306460306,0.0013529998890983697,0.04911815347387035
0.0,2.0,10,0.01536297778538057,0.012566456894637012,0.004756886091092944,0.1172703988291255
0.0,2.0,20,0.02168543541453107,0.015386055902680775,0.003598207600934193,0.08999296105114969
