NonceMin,NonceMax,SampleSize,AvgHitRate,StdDev,MinHitRate,MaxHitRate
0.0,2000.0,5,0.011444941396338766,0.007943240114162227,0.0,0.04381065987095375
0.0,2000.0,10,0.015335287346537059,0.012380031821429929,0.00122777400188551,0.0781837006360006
0.0,2000.0,20,0.020148218708511828,0.017489333789895773,0.00036441251496694256,0.12383315609122061
