NonceMin,NonceMax,SampleSize,AvgHitRate,StdDev,MinHitRate,MaxHitRate
0.0,200.0,5,0.013392235531324523,0.011801723791205452,0.0013138352564834913,0.10779015952633347
0.0,200.0,10,0.013602935693947684,0.011024504244012042,0.002959220498015157,0.0884791198574417
0.0,200.0,20,0.0177405782870208,0.012737433629580752,0.0011722144748277047,0.07672184054179604
