NonceMin,NonceMax,SampleSize,AvgHitRate,StdDev,MinHitRate,MaxHitRate
0.0,4.0,5,0.013847364654734384,0.011230319767588337,0.0,0.10572766570605187
0.0,4.0,10,0.015000333544067187,0.013846491884462329,0.002377239359476627,0.06953342341626262
0.0,4.0,20,0.021148230735984562,0.017464890915868964,0.003637295081967213,0.14065654002729006
