NonceMin,NonceMax,SampleSize,AvgHitRate,StdDev,MinHitRate,MaxHitRate
0.0,1000.0,5,0.01101713791718124,0.009884257526805286,0.0,0.047619047619047616
0.0,1000.0,10,0.013655746345849464,0.03045248378168811,0.0,0.25
0.0,1000.0,20,0.011485970124034956,0.016954643184363547,0.0,0.1
