NonceMin,NonceMax,SampleSize,AvgHitRate,StdDev,MinHitRate,MaxHitRate
0.0,100.0,5,0.008199883378484414,0.007546831986200431,0.0,0.04
0.0,100.0,10,0.009060051616634934,0.005761668027789828,0.0,0.02702702702702703
0.0,100.0,20,0.009265560416544569,0.006297549739400706,0.0,0.03286384976525822
