NonceMin,NonceMax,SampleSize,AvgHitRate,StdDev,MinHitRate,MaxHitRate
0.0,4.0,5,0.0037788103211697033,0.005016657093101255,0.0,0.014257620452310717
0.0,4.0,10,0.0053584710079775215,0.005141966451695408,0.0,0.013627254509018036
0.0,4.0,20,0.005118151314109364,0.005173178456399605,0.0,0.015022330491270807
