NonceMin,NonceMax,SampleSize,AvgHitRate,StdDev,MinHitRate,MaxHitRate
0.0,2.0,5,0.0018697259151022523,0.0038949491537840133,0.0,0.01224739742804654
0.0,2.0,10,0.00025731356398393535,0.001481162651882481,0.0,0.010361681329423266
0.0,2.0,20,0.0010600292507028902,0.003106112328039838,0.0,0.011736622239904515
