NonceMin,NonceMax,SampleSize,AvgHitRate,StdDev,MinHitRate,MaxHitRate
0.0,1.0,5,0.0,0.0,0.0,0.0
0.0,1.0,10,0.00013219829744616927,0.0013153564516582264,0.0,0.013219829744616926
0.0,1.0,20,0.0001863115652202431,0.0013151196196479241,0.0,0.010512483574244415
