NonceMin,NonceMax,SampleSize,AvgHitRate,StdDev,MinHitRate,MaxHitRate
0.0,20.0,5,0.0056276173809799036,0.00585339998499759,0.0,0.021568627450980392
0.0,20.0,10,0.007899389063465519,0.005077665256209018,0.0,0.01968503937007874
0.0,20.0,20,0.009007697210769322,0.00514660776751492,0.0,0.020522388059701493
