NonceMin,NonceMax,SampleSize,AvgHitRate,StdDev,MinHitRate,MaxHitRate
0.0,3.0,5,0.0037348213402832835,0.004890834432057196,0.0,0.013812154696132596
0.0,3.0,10,0.004657905910209771,0.00511899993322622,0.0,0.014718869590815425
0.0,3.0,20,0.0050039316776296985,0.005357731955613536,0.0,0.014414414414414415
