NonceMin,NonceMax,SampleSize,AvgHitRate,StdDev,MinHitRate,MaxHitRate
0.0,5.0,5,0.0031483910867617197,0.00498632082580604,0.0,0.014775725593667546
0.0,5.0,10,0.005600788745878218,0.005242340101409529,0.0,0.015616585891222402
0.0,5.0,20,0.004690374042530801,0.005326689309153067,0.0,0.01545253863134658
