NonceMin,NonceMax,SampleSize,AvgHitRate,StdDev,MinHitRate,MaxHitRate
0.0,10.0,5,0.0037872555139590643,0.005362521644995795,0.0,0.016546018614270942
0.0,10.0,10,0.006714688820710509,0.004983600336664218,0.0,0.017509727626459144
0.0,10.0,20,0.004275241356494339,0.005216181222397927,0.0,0.017605633802816902
