NonceMin,NonceMax,SampleSize,AvgHitRate,StdDev,MinHitRate,MaxHitRate
0.0,500.0,5,0.007960185853694244,0.008673514594604262,0.0,0.037037037037037035
0.0,500.0,10,0.00816795452231663,0.010025079366042907,0.0,0.05555555555555555
0.0,500.0,20,0.008016941450777542,0.008355824794346794,0.0,0.03225806451612903
