NonceMin,NonceMax,SampleSize,AvgHitRate,StdDev,MinHitRate,MaxHitRate
0.0,50.0,5,0.007308737780883404,0.0066569349892319,0.0,0.02577319587628866
0.0,50.0,10,0.00898436760760369,0.005055053764344823,0.0,0.024875621890547265
0.0,50.0,20,0.008881419810344949,0.004439215050500989,0.0,0.020785219399538105
