NonceMin,NonceMax,SampleSize,AvgHitRate,StdDev,MinHitRate,MaxHitRate
0.0,2000.0,5,0.00927211497140067,0.008891380017758702,0.0,0.044585987261146494
0.0,2000.0,10,0.010455986398632842,0.018540643201134136,0.0,0.1111111111111111
0.0,2000.0,20,0.009803472391419724,0.01963679261524908,0.0,0.14285714285714285
