NonceMin,NonceMax,SampleSize,AvgHitRate,StdDev,MinHitRate,MaxHitRate
0.0,200.0,5,0.00935744120050414,0.009234808637548692,0.0,0.0392156862745098
0.0,200.0,10,0.010184135826758438,0.009315957363597228,0.0,0.0425531914893617
0.0,200.0,20,0.007965870349962538,0.0074685030190520555,0.0,0.03529411764705882
