NonceMin,NonceMax,SampleSize,AvgHitRate,StdDev,MinHitRate,MaxHitRate
0.0,2.0,5,0.007387483920481166,0.009021164318490062,0.0,0.06957358127605001
0.0,2.0,10,0.007215342793865517,0.004495888256543086,0.0,0.025642592988783276
0.0,2.0,20,0.0030351135510572626,0.0039637241267181725,0.0,0.022646774712890415
