NonceMin,NonceMax,SampleSize,AvgHitRate,StdDev,MinHitRate,MaxHitRate
0.0,3.0,5,0.006414502153682667,0.0067378405387792314,0.0,0.052916028071307575
0.0,3.0,10,0.00772829791390263,0.00753201621926166,0.0,0.0619915205683511
0.0,3.0,20,0.00370546657113106,0.0056510628078229085,0.0,0.04973319103521878
