NonceMin,NonceMax,SampleSize,AvgHitRate,StdDev,MinHitRate,MaxHitRate
0.0,10.0,5,0.005105208698565559,0.004500691767133468,0.0,0.020121294564416484
0.0,10.0,10,0.00854358295575061,0.011004506699094915,0.0,0.07500379573865074
0.0,10.0,20,0.004616319884407926,0.004599959641683243,0.000665266106442577,0.03226600985221675
