NonceMin,NonceMax,SampleSize,AvgHitRate,StdDev,MinHitRate,MaxHitRate
0.0,5.0,5,0.005607836225938483,0.005116205628606179,0.0,0.0369656236227413
0.0,5.0,10,0.007123936546517809,0.005330813164700136,0.0,0.028955285108710517
0.0,5.0,20,0.003756749934422958,0.002263122174547201,0.00010634903754121025,0.011253846319368235
