NonceMin,NonceMax,SampleSize,AvgHitRate,StdDev,MinHitRate,MaxHitRate
0.0,200.0,5,0.007870790238951242,0.004547941558396386,0.0,0.031150891535696668
0.0,200.0,10,0.0050152073516813115,0.006413422803680016,0.0,0.05200789993416721
0.0,200.0,20,0.004459873734773903,0.008826559859987558,4.0171935885590324e-05,0.06951107011070111
