NonceMin,NonceMax,SampleSize,AvgHitRate,StdDev,MinHitRate,MaxHitRate
0.0,50.0,5,0.007202184692237144,0.009029048538831665,0.0,0.08699032047745624
0.0,50.0,10,0.00591247625971821,0.007210898036538086,0.0,0.04872006606110652
0.0,50.0,20,0.004579215686397382,0.008091577668008281,0.00028905075731298414,0.07558948382263761
