NonceMin,NonceMax,SampleSize,AvgHitRate,StdDev,MinHitRate,MaxHitRate
0.0,4.0,5,0.005731907988215739,0.005173437668643935,0.0,0.03551206640646474
0.0,4.0,10,0.00683247876499271,0.004736494230128502,0.0,0.029212069022621138
0.0,4.0,20,0.004745365246671422,0.005337062003108856,0.0,0.03650518333266105
