NonceMin,NonceMax,SampleSize,AvgHitRate,StdDev,MinHitRate,MaxHitRate
0.0,1.0,5,0.007642318678975187,0.00954796833128407,0.0,0.08229023661471373
0.0,1.0,10,0.0072012458096994214,0.004194083148001169,0.0,0.02149846439540033
0.0,1.0,20,0.0023535957217815455,0.0021937189452954048,0.0,0.009155174411866961
