NonceMin,NonceMax,SampleSize,AvgHitRate,StdDev,MinHitRate,MaxHitRate
0.0,500.0,5,0.008644169140329118,0.009595147353818341,0.0,0.08612917208495882
0.0,500.0,10,0.0065785069818402805,0.009521882615864487,0.0,0.08047422310041315
0.0,500.0,20,0.0035499828718637888,0.003732705131462396,8.592910848549946e-05,0.022058823529411766
