NonceMin,NonceMax,SampleSize,AvgHitRate,StdDev,MinHitRate,MaxHitRate
0.0,1000.0,5,0.008883885845803907,0.007253527537902536,0.0,0.060582624387728795
0.0,1000.0,10,0.005384495239698697,0.0055073013488282484,0.0,0.0370616501380227
0.0,1000.0,20,0.004748000957929776,0.007736059113822174,0.0,0.06896748757213873
