NonceMin,NonceMax,SampleSize,AvgHitRate,StdDev,MinHitRate,MaxHitRate
0.0,20.0,5,0.006990616704361834,0.00705725414921936,0.0,0.04582665954796227
0.0,20.0,10,0.006655178667854671,0.006496706046245921,0.0001609306388946364,0.03470211793387171
0.0,20.0,20,0.004639620082063819,0.009383129905603233,0.00035634455278758624,0.06886266372714304
