NonceMin,NonceMax,SampleSize,AvgHitRate,StdDev,MinHitRate,MaxHitRate
0.0,2000.0,5,0.008787898599100879,0.005495574325845024,0.0,0.038834951456310676
0.0,2000.0,10,0.005888424320196269,0.0071696875911580115,0.0,0.045614392742469805
0.0,2000.0,20,0.004360639639979734,0.0110156095131368,0.0,0.10856816648502776
