NonceMin,NonceMax,SampleSize,AvgHitRate,StdDev,MinHitRate,MaxHitRate
0.0,100.0,5,0.0069643335601488505,0.003909958798848927,0.0,0.015345268542199489
0.0,100.0,10,0.005701592588333618,0.005151499457280906,8.09814957282261e-05,0.03096304166350459
0.0,100.0,20,0.004512231782185402,0.005261354418191292,0.0,0.043301392153317665
