NonceMin,NonceMax,SampleSize,AvgHitRate,StdDev,MinHitRate,MaxHitRate
0.0,2.0,5,0.0059229653593603085,0.00503688039519025,0.0,0.01263823064770932
0.0,2.0,10,0.007345714340152758,0.00466176629962319,0.0,0.015438054805094558
0.0,2.0,20,0.005173083352905656,0.0051830649095273625,0.0,0.014357682619647354
