NonceMin,NonceMax,SampleSize,AvgHitRate,StdDev,MinHitRate,MaxHitRate
0.0,10.0,5,0.006290718122504088,0.005197517993861734,0.0,0.015748031496062992
0.0,10.0,10,0.008308233171614799,0.004156162873826649,0.0,0.01933861922258751
0.0,10.0,20,0.009628440596126695,0.0038209802655957545,0.0,0.0336417157275021
