NonceMin,NonceMax,SampleSize,AvgHitRate,StdDev,MinHitRate,MaxHitRate
0.0,50.0,5,0.009178042803471358,0.005763295080182611,0.0,0.03763440860215054
0.0,50.0,10,0.009523493440191537,0.004303247534523675,0.0,0.024539877300613498
0.0,50.0,20,0.00997032297393326,0.003119295495904072,0.002359882005899705,0.016042780748663103
