NonceMin,NonceMax,SampleSize,AvgHitRate,StdDev,MinHitRate,MaxHitRate
0.0,1.0,5,0.0075086383644611685,0.004876559967508296,0.0,0.021540916343742878
0.0,1.0,10,0.007337721065163691,0.004522480250231824,0.0,0.011613815390830135
0.0,1.0,20,0.0056014746807888476,0.005209371889019393,0.0,0.012602003925214338
