NonceMin,NonceMax,SampleSize,AvgHitRate,StdDev,MinHitRate,MaxHitRate
0.0,20.0,5,0.008088458808725097,0.005091932273364355,0.0,0.020072992700729927
0.0,20.0,10,0.009882765332385123,0.002879190636523422,0.0,0.021551724137931036
0.0,20.0,20,0.009573068526946974,0.0026141053784759713,0.0020964360587002098,0.015873015873015872
