NonceMin,NonceMax,SampleSize,AvgHitRate,StdDev,MinHitRate,MaxHitRate
0.0,5.0,5,0.005849455746584068,0.005367827665016658,0.0,0.01540436456996149
0.0,5.0,10,0.00866223474121496,0.003739090207517111,0.0,0.01919754271453254
0.0,5.0,20,0.0068258920903920975,0.005282809696860631,0.0,0.016339869281045753
