NonceMin,NonceMax,SampleSize,AvgHitRate,StdDev,MinHitRate,MaxHitRate
0.0,200.0,5,0.008490898872788361,0.00556185655886238,0.0,0.029787234042553193
0.0,200.0,10,0.008768282570458362,0.005209891248399004,0.0,0.02631578947368421
0.0,200.0,20,0.009832618930139614,0.005366673714489978,0.0,0.026490066225165563
