NonceMin,NonceMax,SampleSize,AvgHitRate,StdDev,MinHitRate,MaxHitRate
0.0,100.0,5,0.008810407837910188,0.004695088218789162,0.0,0.021367521367521368
0.0,100.0,10,0.009027039720036602,0.004553928858880288,0.0,0.023809523809523808
0.0,100.0,20,0.009958241348033308,0.004392006524196447,0.0,0.02262443438914027
