NonceMin,NonceMax,SampleSize,AvgHitRate,StdDev,MinHitRate,MaxHitRate
0.0,1000.0,5,0.010113277152413882,0.006168205091966481,0.0,0.033707865168539325
0.0,1000.0,10,0.008055289483838662,0.007463285986532064,0.0,0.041666666666666664
0.0,1000.0,20,0.008220298005799695,0.007696929131801755,0.0,0.04046242774566474
