NonceMin,NonceMax,SampleSize,AvgHitRate,StdDev,MinHitRate,MaxHitRate
0.0,4.0,5,0.005001103381073062,0.004959923684910912,0.0,0.012948575656677765
0.0,4.0,10,0.008278043568579814,0.003836414257131769,0.0,0.014247551202137132
0.0,4.0,20,0.00498426499584914,0.0050307776986836285,0.0,0.014218009478672985
