NonceMin,NonceMax,SampleSize,AvgHitRate,StdDev,MinHitRate,MaxHitRate
0.0,500.0,5,0.009624104366008473,0.005800414911771588,0.0,0.03
0.0,500.0,10,0.010228346157851922,0.00681622308445414,0.0,0.03571428571428571
0.0,500.0,20,0.01064619002054137,0.008567807677866114,0.0,0.049019607843137254
