NonceMin,NonceMax,SampleSize,AvgHitRate,StdDev,MinHitRate,MaxHitRate
0.0,3.0,5,0.005605112771522709,0.0051432075323853904,0.0,0.013958125623130608
0.0,3.0,10,0.007946445090622915,0.0044062074450175685,0.0,0.014893617021276596
0.0,3.0,20,0.00446047950818875,0.0054434366306270925,0.0,0.022222222222222223
