NonceMin,NonceMax,SampleSize,AvgHitRate,StdDev,MinHitRate,MaxHitRate
0.0,2000.0,5,0.008838554180213927,0.004706715305135677,0.0,0.023255813953488372
0.0,2000.0,10,0.008593672732652723,0.009078722577091029,0.0,0.07142857142857142
0.0,2000.0,20,0.009835378231608601,0.010218185344354333,0.0,0.045454545454545456
