NonceMin,NonceMax,SampleSize,AvgHitRate,StdDev,MinHitRate,MaxHitRate
0.0,20.0,5,0.012173606551560271,0.010255786437297574,0.00031228391068680153,0.06722996573633612
0.0,20.0,10,0.014376354768985557,0.010934052612879082,0.000300836324983454,0.09393932194530898
0.0,20.0,20,0.01785087435226759,0.020453284564399998,0.00040003809886655873,0.16765354028935517
