NonceMin,NonceMax,SampleSize,AvgHitRate,StdDev,MinHitRate,MaxHitRate
0.0,5.0,5,0.012982048911222087,0.009158303672625075,0.0,0.050748062497409756
0.0,5.0,10,0.012749596367654058,0.006738361064452383,0.0019644527595884,0.047172387208686016
0.0,5.0,20,0.018760046486740845,0.014945917172077048,0.002327064073956009,0.11596183137711674
