NonceMin,NonceMax,SampleSize,AvgHitRate,StdDev,MinHitRate,MaxHitRate
0.0,2000.0,5,0.010448151734980236,0.005606343311377711,0.0,0.0411371237458194
0.0,2000.0,10,0.01515630376229245,0.014932415113366557,0.0016137988477823281,0.12530051390634994
0.0,2000.0,20,0.016221355645478545,0.010625053872310717,0.0010191161483586054,0.06611375106992119
