NonceMin,NonceMax,SampleSize,AvgHitRate,StdDev,MinHitRate,MaxHitRate
0.0,200.0,5,0.011360193165775651,0.009905392458628568,0.0,0.0864373045208985
0.0,200.0,10,0.015111502952845881,0.011129241741957186,0.0014751416720219664,0.0734187438052935
0.0,200.0,20,0.019200174107910906,0.015675989896420987,0.0002171906390834555,0.09930411134218525
