NonceMin,NonceMax,SampleSize,AvgHitRate,StdDev,MinHitRate,MaxHitRate
0.0,10.0,5,0.013631718891137528,0.015672841103838767,0.0004952640376400669,0.12556896269117776
0.0,10.0,10,0.014736482744928458,0.012691212389554146,0.0019736188217921594,0.10131355405461401
0.0,10.0,20,0.017400140706233302,0.011642466936582264,0.0011317155190532391,0.06642912815944772
