NonceMin,NonceMax,SampleSize,AvgHitRate,StdDev,MinHitRate,MaxHitRate
0.0,4.0,5,0.013695412975843974,0.012816456653986152,0.0,0.09199842081114822
0.0,4.0,10,0.012949907012718967,0.006968179544695085,0.004172347968366512,0.04789331033633116
0.0,4.0,20,0.02026024627260567,0.01355092846702183,0.0031506278089236898,0.06622607014520772
