NonceMin,NonceMax,SampleSize,AvgHitRate,StdDev,MinHitRate,MaxHitRate
0.0,1.0,5,0.013114414400884369,0.012002564352380726,0.0,0.0734820322180917
0.0,1.0,10,0.013177495392875781,0.007967805648959549,0.0,0.0645578303081469
0.0,1.0,20,0.021021541131058682,0.01508929691092503,0.0,0.07802488252883383
