NonceMin,NonceMax,SampleSize,AvgHitRate,StdDev,MinHitRate,MaxHitRate
0.0,3.0,5,0.01407898876930426,0.011904246480520861,0.001138505025125628,0.08002226706561825
0.0,3.0,10,0.015236498062477725,0.012267364189042148,0.004483695652173913,0.09176489738337787
0.0,3.0,20,0.018551198822026372,0.012146043653645052,0.0013538736559846473,0.061658578323239614
