NonceMin,NonceMax,SampleSize,AvgHitRate,StdDev,MinHitRate,MaxHitRate
0.0,2.0,5,0.013928959009721149,0.010890734101021074,0.0031046428026754395,0.09488736272850934
0.0,2.0,10,0.012959414537838347,0.006111498483767128,0.0019124624770020335,0.05332406533935753
0.0,2.0,20,0.021004252642253633,0.01857492529761603,0.0029759970889810133,0.1627979167385231
