NonceMin,NonceMax,SampleSize,AvgHitRate,StdDev,MinHitRate,MaxHitRate
0.0,50.0,5,0.01413425093682435,0.013454826185177682,0.0015315315315315315,0.12486837712201762
0.0,50.0,10,0.014494394517545459,0.01790754180285998,0.000402046783625731,0.11555733150664078
0.0,50.0,20,0.022331114250606614,0.024155801982961016,0.004210483075911929,0.1525826817458552
