NonceMin,NonceMax,SampleSize,AvgHitRate,StdDev,MinHitRate,MaxHitRate
0.0,1000.0,5,0.011784473879600282,0.011925071937544569,0.0,0.12142857142857143
0.0,1000.0,10,0.01294004390095318,0.012059665394176937,0.0015776942715355268,0.08043898228451642
0.0,1000.0,20,0.015490383843162734,0.012496605178103663,0.0006021557174685373,0.07644402359967951
