NonceMin,NonceMax,SampleSize,AvgHitRate,StdDev,MinHitRate,MaxHitRate
0.0,100.0,5,0.013201203778549503,0.014373335317953373,0.0,0.1434878587196468
0.0,100.0,10,0.01565096545670781,0.014828628470393717,0.0025968211327512874,0.09421140421325755
0.0,100.0,20,0.017147472395665556,0.013840496690993279,0.0008322461649196995,0.0955293027565439
