NonceMin,NonceMax,SampleSize,AvgHitRate,StdDev,MinHitRate,MaxHitRate
0.0,500.0,5,0.013419310710182302,0.012056186148989807,0.00028091860383453897,0.07340234757091621
0.0,500.0,10,0.01526843123783863,0.01953119913464577,0.00045262949446943335,0.16999633057446895
0.0,500.0,20,0.019408186498524233,0.019707544853081935,0.00025511831111678043,0.14046522519709626
