NonceMin,NonceMax,SampleSize,AvgHitRate,StdDev,MinHitRate,MaxHitRate
0.0,50.0,5,0.013001846079360769,0.013448110133549919,0.0007789375292101573,0.12903829596076816
0.0,50.0,10,0.014343888154449346,0.010876282884647244,0.0014113098115031415,0.07790304396843292
0.0,50.0,20,0.01992720989250914,0.018872702733524285,0.002200861533831192,0.11320547342968622
