NonceMin,NonceMax,SampleSize,AvgHitRate,StdDev,MinHitRate,MaxHitRate
0.0,4.0,5,0.014724810245418529,0.01000874448599998,0.002389394172961307,0.058595947262275516
0.0,4.0,10,0.013243208766719866,0.007547994303143672,0.0032044003734261854,0.05632655831156052
0.0,4.0,20,0.021436598338309482,0.01975574483846744,0.0022994379151762903,0.16130432008167953
