NonceMin,NonceMax,SampleSize,AvgHitRate,StdDev,MinHitRate,MaxHitRate
0.0,20.0,5,0.01225163072152942,0.007184988955224058,9.470593806231651e-05,0.04029155699534319
0.0,20.0,10,0.014227058699954552,0.012993491369047662,0.0025360140134382597,0.08944360577959888
0.0,20.0,20,0.02004312567551949,0.021309792921001793,0.0020964360587002098,0.17227387503101602
