NonceMin,NonceMax,SampleSize,AvgHitRate,StdDev,MinHitRate,MaxHitRate
0.0,2000.0,5,0.01159423324594118,0.009228032555184125,0.0,0.08165790287658521
0.0,2000.0,10,0.01704686224953514,0.016576209108622914,0.0017760077498519993,0.0844484802141082
0.0,2000.0,20,0.018478998358870593,0.017323521190522946,0.0033330719159281627,0.11641954969796815
