NonceMin,NonceMax,SampleSize,AvgHitRate,StdDev,MinHitRate,MaxHitRate
0.0,5.0,5,0.012863093927236155,0.006804122785009152,0.0007012836539927432,0.05151124648547329
0.0,5.0,10,0.015063187078351348,0.01411526003817848,0.0025625800806275195,0.10384629798503454
0.0,5.0,20,0.021846246743182536,0.01566062588923131,0.003997350868063769,0.08385160431944058
