NonceMin,NonceMax,SampleSize,AvgHitRate,StdDev,MinHitRate,MaxHitRate
0.0,10.0,5,0.014053244961783406,0.011394039164129476,0.0,0.0675924110206883
0.0,10.0,10,0.014484899773755411,0.008807924211996363,0.003938558487593541,0.05638791155020155
0.0,10.0,20,0.01760640057356327,0.016808338088848525,0.004395075765858352,0.12096950925533624
