NonceMin,NonceMax,SampleSize,AvgHitRate,StdDev,MinHitRate,MaxHitRate
0.0,1.0,5,0.017958445510766724,0.011133600608417928,0.004091485124615292,0.07616006091112897
0.0,1.0,10,0.018016701461288448,0.0069709165678993905,0.007376749162372949,0.04979722293416153
0.0,1.0,20,0.03528134365247142,0.019736975589418976,0.007773272075755703,0.12228604583695968
