NonceMin,NonceMax,SampleSize,AvgHitRate,StdDev,MinHitRate,MaxHitRate
0.0,3.0,5,0.012549166332150507,0.008238345266635003,0.0,0.052993034392686114
0.0,3.0,10,0.015096387908965342,0.014133894248357778,0.00612011750625612,0.12192622950819672
0.0,3.0,20,0.022265781248519176,0.019394863033117753,0.006089779831036878,0.1173166823595487
