NonceMin,NonceMax,SampleSize,AvgHitRate,StdDev,MinHitRate,MaxHitRate
0.0,500.0,5,0.012851425479180691,0.009741217142028606,0.0,0.06215213358070501
0.0,500.0,10,0.013498013236214855,0.00890086816557177,0.0011864791861257668,0.07300325836445999
0.0,500.0,20,0.019435526961409776,0.013019048397526057,1.8827782275525767e-05,0.06567840706736662
