NonceMin,NonceMax,SampleSize,AvgHitRate,StdDev,MinHitRate,MaxHitRate
0.0,100.0,5,0.011661759147835038,0.007892531355685474,0.0015230460921843688,0.05150697255960414
0.0,100.0,10,0.014276859684300824,0.010899354686256149,0.003018432788997982,0.0626830969541967
0.0,100.0,20,0.019842384346055234,0.01710561659055438,0.003071220545406407,0.10070732338480118
