NonceMin,NonceMax,SampleSize,AvgHitRate,StdDev,MinHitRate,MaxHitRate
0.0,200.0,5,0.01390042612677339,0.011293894395816592,0.0,0.08079686479425212
0.0,200.0,10,0.012805872310789536,0.007741435577182509,5.636978579481398e-05,0.06046343229543809
0.0,200.0,20,0.02014210897401975,0.019039318879388558,0.0020978864909500746,0.1554946769774942
