NonceMin,NonceMax,SampleSize,AvgHitRate,StdDev,MinHitRate,MaxHitRate
0.0,1000.0,5,0.012780838161162808,0.010656039579422138,0.00034002040122407346,0.07909049905813059
0.0,1000.0,10,0.013110178982501932,0.007309750346725304,0.000838758637216919,0.04398914643119941
0.0,1000.0,20,0.019992961510564202,0.015177520545952802,0.000952891429932702,0.08117733678064483
