NonceMin,NonceMax,SampleSize,AvgHitRate,StdDev,MinHitRate,MaxHitRate
0.0,2.0,5,0.013794286155202678,0.010140683232946897,0.0,0.055087341317618235
0.0,2.0,10,0.014087750577544739,0.007271080130617634,0.006100384545692485,0.046837160354511916
0.0,2.0,20,0.022476985941316783,0.015226258097703019,0.0012255228453443452,0.083990318947545
